gene_id	transcript_id	pfam_ids	domain_annotation	domain_changes
GML000001	GML000001_mRNA1	PF09591.16	Partial	None
GML000002	GML000002_mRNA1	PF09591.16	Partial	None
GML000002	GML000002_mRNA2	PF09591.16	Partial	Unchanged
GML000003	GML000003_mRNA1	PF07753.17,PF12376.14	Partial	None
GML000003	GML000003_mRNA2	PF07753.17,PF12376.14	Partial	Unchanged
GML000004	GML000004_mRNA1	PF01433.27,PF11838.15,PF17900.7	Partial	None
GML000004	GML000004_mRNA2	PF01433.27,PF11838.15,PF17900.7	Partial	Unchanged
GML000005	GML000005_mRNA1	PF00789.27	Partial	None
GML000006	GML000006_mRNA1	PF05907.19	Partial	None
GML000007	GML000007_mRNA1	PF01221.24	Partial	None
GML000008	GML000008_mRNA1		None	None
GML000009	GML000009_mRNA1	PF04006.18	Partial	None
GML000010	GML000010_mRNA1	PF00176.30,PF00270.36,PF00271.38,PF00385.31,PF04851.22,PF11496.15	Complete	None
GML000011	GML000011_mRNA1	PF21884.3	Partial	None
GML000012	GML000012_mRNA1		None	None
GML000013	GML000013_mRNA1	PF00642.31,PF14608.13,PF14608.13,PF14608.13,PF14608.13	Complete	None
GML000014	GML000014_mRNA1	PF00022.27	Partial	None
GML000015	GML000015_mRNA1	PF03587.20	Partial	None
GML000016	GML000016_mRNA1		None	None
GML000017	GML000017_mRNA1	PF04934.20	Partial	None
GML000018	GML000018_mRNA1	PF01592.22	Partial	None
GML000019	GML000019_mRNA1		None	None
GML000020	GML000020_mRNA1		None	None
GML000021	GML000021_mRNA1		None	None
GML000022	GML000022_mRNA1	PF04818.20	Partial	None
GML000023	GML000023_mRNA1	PF17023.11	Partial	None
GML000024	GML000024_mRNA1	PF00408.27,PF02878.23,PF02878.23,PF02879.24,PF02880.23,PF21404.4,PF21405.3	Complete	None
GML000025	GML000025_mRNA1		None	None
GML000026	GML000026_mRNA1	PF00265.25	Partial	None
GML000027	GML000027_mRNA1	PF00097.32,PF13445.13,PF13639.13,PF25563.1	Complete	None
GML000028	GML000028_mRNA1	PF00982.28	Partial	None
GML000029	GML000029_mRNA1	PF29631.1,PF29632.1	Partial	None
GML000030	GML000030_mRNA1	PF00982.28,PF02358.23	Complete	None
GML000030	GML000030_mRNA2	PF00982.28,PF02358.23	Complete	Unchanged
GML000031	GML000031_mRNA1	PF00085.27,PF13098.14	Partial	None
GML000031	GML000031_mRNA2	PF00085.27,PF13098.14	Partial	Unchanged
GML000031	GML000031_mRNA3	PF00085.27,PF13098.14	Partial	Unchanged
GML000032	GML000032_mRNA1	PF00179.32	Partial	None
GML000033	GML000033_mRNA1		None	None
GML000034	GML000034_mRNA1	PF07106.20	Partial	None
GML000035	GML000035_mRNA1	PF00248.28	Partial	None
GML000036	GML000036_mRNA1	PF00179.32	Partial	None
GML000037	GML000037_mRNA1	PF03271.23	Complete	None
GML000038	GML000038_mRNA1	PF04153.25	Partial	None
GML000039	GML000039_mRNA1		None	None
GML000040	GML000040_mRNA1	PF01189.24,PF01728.26,PF17125.11,PF22458.2	Partial	None
GML000041	GML000041_mRNA1		None	None
GML000042	GML000042_mRNA1	PF16531.11	Partial	None
GML000043	GML000043_mRNA1	PF00350.30,PF01031.26,PF01926.30,PF02212.24	Complete	None
GML000043	GML000043_mRNA2	PF00350.30,PF01031.26,PF01926.30,PF02212.24	Complete	Unchanged
GML000044	GML000044_mRNA1	PF00004.36,PF00004.36,PF05496.19,PF07728.21,PF17862.8,PF17862.8	Complete	None
GML000045	GML000045_mRNA1	PF00168.37,PF00168.37,PF25669.2	Complete	None
GML000046	GML000046_mRNA1	PF01491.23	Partial	None
GML000047	GML000047_mRNA1	PF00069.32,PF00130.29,PF02185.23,PF07714.24,PF14531.13	Complete	None
GML000048	GML000048_mRNA1	PF02291.22,PF02969.24,PF07524.20,PF15630.13	Partial	None
GML000049	GML000049_mRNA1		None	None
GML000050	GML000050_mRNA1	PF04410.21	Partial	None
GML000051	GML000051_mRNA1	PF00735.25	Partial	None
GML000052	GML000052_mRNA1	PF01433.27,PF11838.15,PF17900.7	Partial	None
GML000052	GML000052_mRNA2	PF01433.27,PF11838.15,PF17900.7	Partial	Unchanged
GML000053	GML000053_mRNA1	PF07753.17,PF12376.14	Partial	None
GML000053	GML000053_mRNA2	PF07753.17,PF12376.14	Partial	Unchanged
GML000054	GML000054_mRNA1	PF09591.16	Partial	None
GML000054	GML000054_mRNA2	PF09591.16	Partial	Unchanged
GML000055	GML000055_mRNA1	PF09591.16	Partial	None
GML000056	GML000056_mRNA1	PF07753.17,PF12376.14	Partial	None
GML000056	GML000056_mRNA2	PF07753.17,PF12376.14	Partial	Unchanged
GML000056	GML000056_mRNA3	PF07753.17,PF12376.14	Partial	Unchanged
GML000057	GML000057_mRNA1	PF00012.27	Partial	None
GML000058	GML000058_mRNA1	PF17018.11	Partial	None
GML000059	GML000059_mRNA1		None	None
GML000060	GML000060_mRNA1		None	None
GML000061	GML000061_mRNA1	PF04571.20,PF08235.20,PF24694.2	Complete	None
GML000062	GML000062_mRNA1		None	None
GML000063	GML000063_mRNA1		None	None
GML000064	GML000064_mRNA1	PF00400.39,PF00400.39,PF00400.39,PF00400.39,PF04158.20	Complete	None
GML000065	GML000065_mRNA1	PF00320.34	Complete	None
GML000066	GML000066_mRNA1	PF08518.17	Partial	None
GML000067	GML000067_mRNA1		None	None
GML000068	GML000068_mRNA1	PF00226.37	Partial	None
GML000069	GML000069_mRNA1	PF00227.32	Partial	None
GML000070	GML000070_mRNA1	PF01851.29,PF13646.13	Complete	None
GML000071	GML000071_mRNA1		None	None
GML000072	GML000072_mRNA1	PF00069.32,PF07714.24	Partial	None
GML000073	GML000073_mRNA1	PF00118.30	Partial	None
GML000073	GML000073_mRNA2	PF00118.30	Partial	Unchanged
GML000074	GML000074_mRNA1	PF17030.12	Partial	None
GML000075	GML000075_mRNA1		None	None
GML000076	GML000076_mRNA1		None	None
GML000077	GML000077_mRNA1		None	None
GML000078	GML000078_mRNA1		None	None
GML000079	GML000079_mRNA1	PF00270.36,PF00271.38,PF04851.22	Complete	None
GML000080	GML000080_mRNA1	PF00226.37,PF07743.19	Partial	None
GML000080	GML000080_mRNA2	PF00226.37,PF07743.19	Partial	Unchanged
GML000081	GML000081_mRNA1		None	None
GML000082	GML000082_mRNA1	PF01909.30,PF04926.21,PF04928.23,PF20750.4	Complete	None
GML000083	GML000083_mRNA1	PF01248.32	Partial	None
GML000084	GML000084_mRNA1	PF00347.29	Partial	None
GML000085	GML000085_mRNA1		None	None
GML000086	GML000086_mRNA1		None	None
GML000087	GML000087_mRNA1	PF05557.19	Partial	None
GML000088	GML000088_mRNA1		None	None
GML000089	GML000089_mRNA1	PF08513.18,PF10607.15	Partial	None
GML000090	GML000090_mRNA1	PF08238.19,PF08238.19,PF08238.19	Complete	None
GML000091	GML000091_mRNA1		None	None
GML000092	GML000092_mRNA1	PF01239.29,PF01239.29	Complete	None
GML000093	GML000093_mRNA1	PF00240.30,PF11976.15	Complete	None
GML000093	GML000093_mRNA2	PF00240.30,PF11976.15	Complete	Unchanged
GML000093	GML000093_mRNA3	PF00240.30,PF11976.15,PF14560.13	Partial	Truncated,Gain
GML000094	GML000094_mRNA1		None	None
GML000095	GML000095_mRNA1	PF06703.17	Partial	None
GML000096	GML000096_mRNA1	PF00493.30,PF01078.28,PF07728.21,PF14551.12,PF17207.10,PF17855.8	Complete	None
GML000097	GML000097_mRNA1	PF00749.28,PF03950.24,PF20974.3	Complete	None
GML000098	GML000098_mRNA1	PF12717.14	Complete	None
GML000099	GML000099_mRNA1	PF04719.21	Partial	None
GML000100	GML000100_mRNA1		None	None
GML000101	GML000101_mRNA1		None	None
GML000102	GML000102_mRNA1	PF05786.20,PF05786.20	Partial	None
GML000103	GML000103_mRNA1	PF00587.31,PF03129.26,PF09180.17	Complete	None
GML000104	GML000104_mRNA1	PF01204.25,PF22422.3	Partial	None
GML000105	GML000105_mRNA1	PF03208.25	Partial	None
GML000106	GML000106_mRNA1	PF08286.17	Partial	None
GML000107	GML000107_mRNA1	PF07753.17,PF12376.14	Partial	None
GML000108	GML000108_mRNA1	PF09591.16	Partial	None
GML000108	GML000108_mRNA2	PF09591.16	Partial	Unchanged
GML000109	GML000109_mRNA1	PF09591.16	Partial	None
GML000110	GML000110_mRNA1	PF09591.16	Partial	None
GML000111	GML000111_mRNA1	PF07753.17,PF12376.14	Partial	None
GML000111	GML000111_mRNA2	PF07753.17,PF12376.14	Partial	Unchanged
GML000112	GML000112_mRNA1		None	None
GML000112	GML000112_mRNA2		None	Unchanged
GML000113	GML000113_mRNA1		None	None
GML000114	GML000114_mRNA1		None	None
GML000115	GML000115_mRNA1	PF00118.30	Partial	None
GML000116	GML000116_mRNA1	PF01198.25	Partial	None
GML000117	GML000117_mRNA1	PF00005.34,PF00664.29	Complete	None
GML000118	GML000118_mRNA1		None	None
GML000119	GML000119_mRNA1	PF02731.21	Partial	None
GML000120	GML000120_mRNA1	PF01704.25	Partial	None
GML000121	GML000121_mRNA1	PF00380.26	Partial	None
GML000122	GML000122_mRNA1	PF01294.24	Partial	None
GML000122	GML000122_mRNA2	PF01294.24	Partial	Unchanged
GML000123	GML000123_mRNA1	PF00005.34,PF01061.30,PF19055.7	Partial	None
GML000124	GML000124_mRNA1	PF00400.39,PF00400.39,PF00400.39,PF00400.39,PF00400.39,PF00400.39,PF25048.2	Complete	None
GML000125	GML000125_mRNA1	PF00025.28,PF00071.29,PF01926.30,PF04670.19,PF08477.20	Partial	None
GML000126	GML000126_mRNA1	PF03223.21	Partial	None
GML000127	GML000127_mRNA1	PF00488.28,PF05192.24	Complete	None
GML000128	GML000128_mRNA1	PF00566.26,PF00621.26,PF00780.29	Complete	None
GML000129	GML000129_mRNA1	PF00046.36	Partial	None
GML000130	GML000130_mRNA1	PF00069.32,PF07714.24	Partial	None
GML000131	GML000131_mRNA1	PF00411.25	Partial	None
GML000132	GML000132_mRNA1		None	None
GML000133	GML000133_mRNA1	PF00091.32,PF03953.23	Complete	None
GML000134	GML000134_mRNA1		None	None
GML000135	GML000135_mRNA1		None	None
GML000136	GML000136_mRNA1		None	None
GML000137	GML000137_mRNA1		None	None
GML000138	GML000138_mRNA1	PF00244.27	Partial	None
GML000139	GML000139_mRNA1	PF00307.37	Partial	None
GML000139	GML000139_mRNA2	PF00307.37	Partial	Unchanged
GML000140	GML000140_mRNA1	PF00046.36	Partial	None
GML000141	GML000141_mRNA1	PF00578.28,PF08534.17	Partial	None
GML000142	GML000142_mRNA1	PF00297.29	Partial	None
GML000143	GML000143_mRNA1	PF01105.30	Partial	None
GML000144	GML000144_mRNA1		None	None
GML000145	GML000145_mRNA1	PF00004.36,PF07728.21,PF17862.8,PF20720.4,PF21236.4	Complete	None
GML000146	GML000146_mRNA1	PF01256.23	Partial	None
GML000147	GML000147_mRNA1	PF00009.34,PF00025.28,PF00071.29,PF01926.30,PF04670.19,PF08477.20,PF09439.17	Partial	None
GML000148	GML000148_mRNA1	PF01743.27,PF12627.13	Complete	None
GML000149	GML000149_mRNA1	PF00176.30,PF00271.38,PF04851.22	Complete	None
GML000150	GML000150_mRNA1		None	None
GML000151	GML000151_mRNA1	PF00170.27	Partial	None
GML000152	GML000152_mRNA1	PF00009.34,PF00071.29,PF01926.30,PF08477.20	Partial	None
GML000153	GML000153_mRNA1		None	None
GML000154	GML000154_mRNA1		None	None
GML000155	GML000155_mRNA1	PF09591.16	Partial	None
GML000156	GML000156_mRNA1	PF09591.16	Partial	None
GML000156	GML000156_mRNA2	PF09591.16	Partial	Unchanged
GML000157	GML000157_mRNA1	PF07753.17	Partial	None
GML000158	GML000158_mRNA1	PF00226.37	Complete	None
GML000159	GML000159_mRNA1	PF01096.24,PF07500.20	Complete	None
GML000160	GML000160_mRNA1	PF00013.36	Complete	None
GML000161	GML000161_mRNA1	PF00083.31,PF00083.31,PF07690.22	Partial	None
GML000162	GML000162_mRNA1	PF00249.38,PF22941.2	Partial	None
GML000163	GML000163_mRNA1	PF00271.38,PF07717.23	Complete	None
GML000164	GML000164_mRNA1	PF01529.26	Partial	None
GML000165	GML000165_mRNA1	PF00102.33	Partial	None
GML000166	GML000166_mRNA1	PF01851.29,PF17781.8,PF18051.7	Complete	None
GML000167	GML000167_mRNA1	PF01777.26	Partial	None
GML000168	GML000168_mRNA1	PF00204.32,PF00521.27,PF01751.29,PF02518.32,PF16898.11	Complete	None
GML000169	GML000169_mRNA1		None	None
GML000170	GML000170_mRNA1	PF00447.24	Partial	None
GML000171	GML000171_mRNA1	PF07393.18	Partial	None
GML000172	GML000172_mRNA1	PF00318.26,PF00318.26	Partial	None
GML000173	GML000173_mRNA1	PF00632.31	Partial	None
GML000174	GML000174_mRNA1		None	None
GML000175	GML000175_mRNA1	PF04900.19	Partial	None
GML000176	GML000176_mRNA1	PF00097.32,PF12678.14,PF13445.13,PF13639.13,PF13920.13,PF13923.13,PF14634.13,PF17123.12	Complete	None
GML000177	GML000177_mRNA1	PF00179.32	Partial	None
GML000178	GML000178_mRNA1	PF07061.17	Partial	None
GML000179	GML000179_mRNA1	PF00025.28,PF00071.29,PF01926.30,PF08477.20	Partial	None
GML000180	GML000180_mRNA1		None	None
GML000180	GML000180_mRNA2		None	Unchanged
GML000181	GML000181_mRNA1	PF00149.34	Partial	None
GML000182	GML000182_mRNA1	PF00581.26	Partial	None
GML000183	GML000183_mRNA1		None	None
GML000184	GML000184_mRNA1	PF00036.39,PF13499.13,PF13833.13	Complete	None
GML000185	GML000185_mRNA1	PF00733.28,PF00733.28	Partial	None
GML000186	GML000186_mRNA1		None	None
GML000187	GML000187_mRNA1	PF03483.23,PF03484.22,PF17759.7,PF18262.8	Complete	None
GML000188	GML000188_mRNA1	PF00270.36,PF00271.38,PF04851.22,PF08148.18,PF22527.3	Complete	None
GML000189	GML000189_mRNA1		None	None
GML000189	GML000189_mRNA2		None	Unchanged
GML000190	GML000190_mRNA1	PF00448.29,PF02492.26,PF02881.25,PF02978.27	Complete	None
GML000190	GML000190_mRNA2	PF00448.29,PF02492.26,PF02978.27	Complete	Loss
GML000191	GML000191_mRNA1	PF00063.28,PF02736.27	Partial	None
GML000192	GML000192_mRNA1	PF00118.30	Partial	None
GML000193	GML000193_mRNA1	PF00046.36	Partial	None
GML000194	GML000194_mRNA1	PF00009.34,PF03143.24,PF22594.3	Complete	None
GML000195	GML000195_mRNA1	PF00133.29,PF08264.20,PF09334.18,PF13603.13	Complete	None
GML000196	GML000196_mRNA1	PF02779.30,PF02780.26	Partial	None
GML000197	GML000197_mRNA1	PF01490.25	Partial	None
GML000198	GML000198_mRNA1	PF02201.24	Complete	None
GML000199	GML000199_mRNA1	PF04564.22,PF10408.15,PF10408.15	Complete	None
GML000200	GML000200_mRNA1	PF01655.24	Partial	None
GML000201	GML000201_mRNA1		None	None
GML000202	GML000202_mRNA1		None	None
GML000203	GML000203_mRNA1		None	None
GML000203	GML000203_mRNA2		None	Unchanged
GML000204	GML000204_mRNA1	PF02940.22	Partial	None
GML000205	GML000205_mRNA1		None	None
GML000206	GML000206_mRNA1	PF02854.26	Partial	None
GML000207	GML000207_mRNA1	PF10607.15	Partial	None
GML000208	GML000208_mRNA1	PF30048.1	Partial	None
GML000209	GML000209_mRNA1		None	None
GML000210	GML000210_mRNA1	PF07753.17	Partial	None
GML000211	GML000211_mRNA1	PF09591.16	Partial	None
GML000212	GML000212_mRNA1	PF00225.30,PF16796.12	Partial	None
GML000213	GML000213_mRNA1		None	None
GML000214	GML000214_mRNA1		None	None
GML000215	GML000215_mRNA1	PF03332.20,PF08282.19	Partial	None
GML000215	GML000215_mRNA2	PF03332.20	Partial	Loss
GML000216	GML000216_mRNA1	PF01210.30,PF07479.20	Partial	None
GML000217	GML000217_mRNA1	PF01926.30,PF02421.25,PF02824.28,PF16897.11	Complete	None
GML000218	GML000218_mRNA1	PF01368.28,PF02833.20	Complete	None
GML000219	GML000219_mRNA1	PF00466.26	Partial	None
GML000220	GML000220_mRNA1		None	None
GML000221	GML000221_mRNA1		None	None
GML000222	GML000222_mRNA1	PF01490.25	Partial	None
GML000223	GML000223_mRNA1		None	None
GML000224	GML000224_mRNA1	PF00687.27	Partial	None
GML000225	GML000225_mRNA1	PF00849.28	Partial	None
GML000226	GML000226_mRNA1	PF17005.12	Partial	None
GML000227	GML000227_mRNA1	PF00493.30,PF01078.28,PF07728.21,PF17207.10,PF17855.8	Complete	None
GML000228	GML000228_mRNA1		None	None
GML000229	GML000229_mRNA1		None	None
GML000229	GML000229_mRNA2		None	Unchanged
GML000230	GML000230_mRNA1		None	None
GML000231	GML000231_mRNA1	PF03256.23	Partial	None
GML000231	GML000231_mRNA2	PF03256.23	Partial	Unchanged
GML000232	GML000232_mRNA1		None	None
GML000233	GML000233_mRNA1	PF02765.25	Partial	None
GML000234	GML000234_mRNA1	PF01163.29	Partial	None
GML000235	GML000235_mRNA1	PF01399.34,PF22241.3	Complete	None
GML000236	GML000236_mRNA1		None	None
GML000237	GML000237_mRNA1	PF03178.22	Complete	None
GML000238	GML000238_mRNA1	PF05002.21	Partial	None
GML000238	GML000238_mRNA2	PF05002.21	Partial	Unchanged
GML000239	GML000239_mRNA1		None	None
GML000240	GML000240_mRNA1	PF00005.34,PF00005.34,PF12848.14	Complete	None
GML000241	GML000241_mRNA1		None	None
GML000242	GML000242_mRNA1	PF00227.32	Partial	None
GML000243	GML000243_mRNA1	PF01472.27,PF26292.1	Partial	None
GML000244	GML000244_mRNA1		None	None
GML000245	GML000245_mRNA1	PF00076.29	Partial	None
GML000246	GML000246_mRNA1		None	None
GML000246	GML000246_mRNA2		None	Unchanged
GML000247	GML000247_mRNA1	PF00400.39,PF08149.17	Complete	None
GML000248	GML000248_mRNA1	PF00069.32,PF07714.24	Partial	None
GML000249	GML000249_mRNA1	PF00004.36,PF00533.34,PF03215.22,PF08519.18,PF12738.14	Complete	None
GML000250	GML000250_mRNA1	PF01399.34	Complete	None
GML000251	GML000251_mRNA1		None	None
GML000252	GML000252_mRNA1	PF09591.16	Partial	None
GML000253	GML000253_mRNA1	PF07753.17,PF12376.14	Partial	None
GML000254	GML000254_mRNA1	PF09591.16	Partial	None
GML000254	GML000254_mRNA2	PF09591.16	Partial	Unchanged
GML000255	GML000255_mRNA1	PF09591.16	Partial	None
GML000256	GML000256_mRNA1	PF07753.17,PF12376.14	Partial	None
GML000257	GML000257_mRNA1	PF07753.17,PF12376.14	Partial	None
GML000258	GML000258_mRNA1	PF00456.27,PF02779.30,PF22613.2	Complete	None
GML000258	GML000258_mRNA2	PF00456.27,PF02779.30,PF22613.2	Complete	Unchanged
GML000259	GML000259_mRNA1		None	None
GML000260	GML000260_mRNA1		None	None
GML000261	GML000261_mRNA1		None	None
GML000262	GML000262_mRNA1	PF02319.27,PF08781.16	Partial	None
GML000263	GML000263_mRNA1	PF00133.29,PF01406.26,PF09334.18,PF09334.18	Partial	None
GML000264	GML000264_mRNA1	PF15663.12	Partial	None
GML000265	GML000265_mRNA1	PF01702.26	Partial	None
GML000265	GML000265_mRNA2	PF01702.26	Partial	Unchanged
GML000266	GML000266_mRNA1	PF00493.30,PF01078.28,PF07728.21,PF14551.12,PF17207.10,PF17855.8	Complete	None
GML000267	GML000267_mRNA1	PF02186.22,PF18121.8	Partial	None
GML000268	GML000268_mRNA1	PF01336.32	Partial	None
GML000269	GML000269_mRNA1	PF25171.2	Partial	None
GML000270	GML000270_mRNA1		None	None
GML000271	GML000271_mRNA1	PF04950.19,PF08142.19	Complete	None
GML000272	GML000272_mRNA1	PF00692.25	Partial	None
GML000273	GML000273_mRNA1	PF00288.33,PF18376.7,PF22700.3	Partial	None
GML000274	GML000274_mRNA1	PF00118.30	Partial	None
GML000275	GML000275_mRNA1	PF08238.19,PF08238.19,PF08238.19,PF08238.19,PF08238.19,PF08238.19	Complete	None
GML000276	GML000276_mRNA1		None	None
GML000277	GML000277_mRNA1		None	None
GML000278	GML000278_mRNA1		None	None
GML000278	GML000278_mRNA2		None	Unchanged
GML000279	GML000279_mRNA1		None	None
GML000279	GML000279_mRNA2		None	Unchanged
GML000280	GML000280_mRNA1		None	None
GML000281	GML000281_mRNA1	PF01000.32,PF01193.30	Partial	None
GML000282	GML000282_mRNA1	PF05175.21	Partial	None
GML000283	GML000283_mRNA1	PF03129.26,PF13393.12	Complete	None
GML000284	GML000284_mRNA1		None	None
GML000285	GML000285_mRNA1	PF17015.11	Partial	None
GML000286	GML000286_mRNA1	PF00268.28	Partial	None
GML000287	GML000287_mRNA1	PF00046.36,PF05920.18	Complete	None
GML000288	GML000288_mRNA1		None	None
GML000289	GML000289_mRNA1		None	None
GML000290	GML000290_mRNA1	PF00108.30,PF02803.25	Complete	None
GML000291	GML000291_mRNA1	PF08164.18	Complete	None
GML000292	GML000292_mRNA1	PF00382.25,PF00382.25,PF08271.18	Complete	None
GML000293	GML000293_mRNA1		None	None
GML000293	GML000293_mRNA2		None	Unchanged
GML000294	GML000294_mRNA1	PF23561.2	Partial	None
GML000295	GML000295_mRNA1	PF01926.30,PF02421.25,PF06071.20	Complete	None
GML000296	GML000296_mRNA1	PF02037.34	Complete	None
GML000296	GML000296_mRNA2	PF02037.34	Complete	Unchanged
GML000297	GML000297_mRNA1	PF00270.36,PF00271.38,PF04851.22	Partial	None
GML000298	GML000298_mRNA1	PF14938.13	Partial	None
GML000299	GML000299_mRNA1	PF03029.24	Partial	None
GML000300	GML000300_mRNA1		None	None
GML000301	GML000301_mRNA1	PF03372.30	Partial	None
GML000302	GML000302_mRNA1	PF05670.19,PF05833.17,PF11923.14	Complete	None
GML000303	GML000303_mRNA1	PF08839.18	Partial	None
GML000303	GML000303_mRNA2	PF08839.18	Partial	Unchanged
GML000304	GML000304_mRNA1	PF05916.17,PF25005.2	Partial	None
GML000305	GML000305_mRNA1	PF00009.34,PF03143.24,PF22594.3	Complete	None
GML000306	GML000306_mRNA1	PF00995.29	Partial	None
GML000307	GML000307_mRNA1	PF00013.36,PF29529.1,PF29984.1	Complete	None
GML000308	GML000308_mRNA1	PF03130.23,PF03130.23,PF13646.13	Complete	None
GML000308	GML000308_mRNA2	PF03130.23,PF03130.23,PF13646.13	Complete	Unchanged
GML000309	GML000309_mRNA1	PF03006.27	Partial	None
GML000310	GML000310_mRNA1	PF04468.18	Partial	None
GML000311	GML000311_mRNA1	PF07753.17,PF12376.14	Partial	None
GML000312	GML000312_mRNA1	PF09591.16	Partial	None
GML000313	GML000313_mRNA1	PF09591.16	Partial	None
GML000314	GML000314_mRNA1	PF09591.16	Partial	None
GML000315	GML000315_mRNA1	PF04729.20	Partial	None
GML000316	GML000316_mRNA1		None	None
GML000317	GML000317_mRNA1	PF08645.18	Complete	None
GML000317	GML000317_mRNA2	PF08645.18	Partial	Truncated
GML000318	GML000318_mRNA1	PF00328.28	Partial	None
GML000319	GML000319_mRNA1	PF00004.36,PF05496.19,PF07728.21,PF16450.12,PF17862.8,PF21236.4	Complete	None
GML000320	GML000320_mRNA1	PF02002.24	Partial	None
GML000321	GML000321_mRNA1	PF02466.25	Partial	None
GML000322	GML000322_mRNA1	PF04048.21	Partial	None
GML000323	GML000323_mRNA1	PF00240.30,PF00627.38	Complete	None
GML000324	GML000324_mRNA1	PF00076.29	Complete	None
GML000325	GML000325_mRNA1		None	None
GML000326	GML000326_mRNA1	PF01248.32	Partial	None
GML000327	GML000327_mRNA1	PF17029.11	Partial	None
GML000328	GML000328_mRNA1	PF00493.30,PF07728.21,PF17207.10,PF17855.8	Complete	None
GML000329	GML000329_mRNA1	PF17009.11	Partial	None
GML000330	GML000330_mRNA1	PF00069.32,PF07714.24	Partial	None
GML000331	GML000331_mRNA1	PF00005.34,PF01061.30	Partial	None
GML000332	GML000332_mRNA1	PF03234.20	Partial	None
GML000333	GML000333_mRNA1		None	None
GML000334	GML000334_mRNA1	PF00230.26	Partial	None
GML000335	GML000335_mRNA1	PF00226.37,PF00684.26,PF01556.24	Complete	None
GML000336	GML000336_mRNA1	PF00226.37,PF09763.16,PF23302.2	Partial	None
GML000336	GML000336_mRNA2	PF00226.37,PF09763.16,PF23302.2	Partial	Unchanged
GML000337	GML000337_mRNA1	PF00044.31,PF02800.27	Partial	None
GML000338	GML000338_mRNA1		None	None
GML000339	GML000339_mRNA1	PF00466.26,PF17777.7	Partial	None
GML000340	GML000340_mRNA1	PF03870.22	Partial	None
GML000341	GML000341_mRNA1		None	None
GML000342	GML000342_mRNA1	PF03031.25	Partial	None
GML000343	GML000343_mRNA1		None	None
GML000343	GML000343_mRNA2		None	Unchanged
GML000344	GML000344_mRNA1		None	None
GML000345	GML000345_mRNA1		None	None
GML000346	GML000346_mRNA1	PF08512.19,PF21103.4	Complete	None
GML000347	GML000347_mRNA1	PF00227.32,PF10584.15	Partial	None
GML000348	GML000348_mRNA1		None	None
GML000349	GML000349_mRNA1		None	None
GML000350	GML000350_mRNA1	PF01150.24	Partial	None
GML000350	GML000350_mRNA2	PF01150.24	Partial	Unchanged
GML000351	GML000351_mRNA1	PF00069.32,PF07714.24	Partial	None
GML000351	GML000351_mRNA2	PF00069.32,PF07714.24	Partial	Unchanged
GML000352	GML000352_mRNA1	PF01380.28,PF01380.28,PF13522.13,PF13537.12	Complete	None
GML000353	GML000353_mRNA1	PF01873.24,PF02582.20	Complete	None
GML000353	GML000353_mRNA2	PF01873.24,PF02582.20	Complete	Unchanged
GML000354	GML000354_mRNA1	PF01728.26,PF11861.14	Partial	None
GML000355	GML000355_mRNA1	PF00137.27	Partial	None
GML000356	GML000356_mRNA1	PF00237.25	Partial	None
GML000357	GML000357_mRNA1		None	None
GML000358	GML000358_mRNA1		None	None
GML000359	GML000359_mRNA1		None	None
GML000360	GML000360_mRNA1		None	None
GML000361	GML000361_mRNA1		None	None
GML000362	GML000362_mRNA1		None	None
GML000363	GML000363_mRNA1	PF00004.36,PF16450.12,PF17862.8	Complete	None
GML000364	GML000364_mRNA1		None	None
GML000365	GML000365_mRNA1	PF14633.13	Complete	None
GML000366	GML000366_mRNA1	PF00076.29,PF00076.29	Partial	None
GML000367	GML000367_mRNA1		None	None
GML000368	GML000368_mRNA1	PF03690.19	Partial	None
GML000369	GML000369_mRNA1	PF09174.16	Partial	None
GML000370	GML000370_mRNA1	PF09591.16	Partial	None
GML000371	GML000371_mRNA1	PF09591.16	Partial	None
GML000371	GML000371_mRNA2	PF09591.16	Partial	Unchanged
GML000372	GML000372_mRNA1	PF07753.17,PF12376.14	Partial	None
GML000372	GML000372_mRNA2	PF07753.17,PF12376.14	Partial	Unchanged
GML000373	GML000373_mRNA1	PF01433.27,PF11838.15,PF17900.7	Partial	None
GML000373	GML000373_mRNA2	PF01433.27,PF11838.15,PF17900.7	Partial	Unchanged
GML000374	GML000374_mRNA1	PF00303.25	Partial	None
GML000375	GML000375_mRNA1	PF00005.34,PF00643.30,PF19055.7	Complete	None
GML000376	GML000376_mRNA1	PF08538.17,PF12697.14	Partial	None
GML000377	GML000377_mRNA1	PF03224.21,PF11698.15	Complete	None
GML000377	GML000377_mRNA2	PF03224.21,PF11698.15	Complete	Unchanged
GML000378	GML000378_mRNA1	PF00227.32	Partial	None
GML000379	GML000379_mRNA1	PF00493.30,PF01078.28,PF14551.12,PF17207.10,PF17855.8	Complete	None
GML000380	GML000380_mRNA1	PF23098.2	Partial	None
GML000381	GML000381_mRNA1	PF01192.28	Partial	None
GML000382	GML000382_mRNA1	PF00467.36,PF16906.12	Partial	None
GML000383	GML000383_mRNA1	PF01189.24,PF01728.26	Partial	None
GML000384	GML000384_mRNA1	PF00125.31	Partial	None
GML000385	GML000385_mRNA1		None	None
GML000386	GML000386_mRNA1	PF08711.17	Complete	None
GML000386	GML000386_mRNA2	PF08711.17	Complete	Unchanged
GML000387	GML000387_mRNA1	PF00160.27	Partial	None
GML000388	GML000388_mRNA1	PF01406.26,PF09334.18,PF09334.18	Partial	None
GML000389	GML000389_mRNA1	PF00750.26,PF05746.22	Complete	None
GML000390	GML000390_mRNA1		None	None
GML000391	GML000391_mRNA1	PF01775.23	Partial	None
GML000392	GML000392_mRNA1		None	None
GML000393	GML000393_mRNA1	PF00091.32,PF03953.23	Complete	None
GML000393	GML000393_mRNA2	PF00091.32,PF03953.23	Complete	Unchanged
GML000394	GML000394_mRNA1		None	None
GML000395	GML000395_mRNA1	PF17010.11	Partial	None
GML000396	GML000396_mRNA1	PF01922.24	Partial	None
GML000397	GML000397_mRNA1		None	None
GML000398	GML000398_mRNA1	PF00573.28	Partial	None
GML000399	GML000399_mRNA1	PF04857.27,PF04857.27	Partial	None
GML000400	GML000400_mRNA1	PF00900.27,PF08071.18	Partial	None
GML000401	GML000401_mRNA1	PF00225.30,PF16796.12	Partial	None
GML000402	GML000402_mRNA1		None	None
GML000403	GML000403_mRNA1	PF00027.36	Partial	None
GML000404	GML000404_mRNA1		None	None
GML000405	GML000405_mRNA1	PF03297.22	Partial	None
GML000406	GML000406_mRNA1	PF04055.28,PF16199.11,PF23613.2	Complete	None
GML000407	GML000407_mRNA1	PF00400.39,PF00400.39,PF00400.39,PF08662.18,PF23098.2	Complete	None
GML000408	GML000408_mRNA1		None	None
GML000409	GML000409_mRNA1	PF00238.25	Partial	None
GML000410	GML000410_mRNA1	PF17031.11	Partial	None
GML000411	GML000411_mRNA1	PF01926.30,PF02421.25,PF02824.28,PF16897.11	Complete	None
GML000412	GML000412_mRNA1	PF03219.21	Partial	None
GML000413	GML000413_mRNA1	PF07719.24,PF13174.13,PF13181.13,PF13431.13,PF13432.13,PF13432.13,PF14559.13	Complete	None
GML000414	GML000414_mRNA1	PF00320.34	Partial	None
GML000415	GML000415_mRNA1	PF02383.24	Partial	None
GML000416	GML000416_mRNA1	PF01529.26	Partial	None
GML000417	GML000417_mRNA1	PF03105.25,PF03124.21	Partial	None
GML000418	GML000418_mRNA1	PF00069.32,PF07714.24	Partial	None
GML000419	GML000419_mRNA1	PF21238.3,PF21238.3	Partial	None
GML000420	GML000420_mRNA1	PF00439.31,PF00439.31,PF17035.11	Complete	None
GML000421	GML000421_mRNA1	PF00069.32,PF03109.23,PF07714.24,PF14531.13	Partial	None
GML000422	GML000422_mRNA1	PF00479.29,PF02781.22	Partial	None
GML000423	GML000423_mRNA1	PF00227.32	Partial	None
GML000424	GML000424_mRNA1	PF17007.12	Partial	None
GML000424	GML000424_mRNA2	PF17007.12	Partial	Unchanged
GML000425	GML000425_mRNA1		None	None
GML000426	GML000426_mRNA1	PF00069.32,PF07714.24	Partial	None
GML000427	GML000427_mRNA1	PF00025.28,PF00071.29,PF04670.19,PF08477.20,PF09439.17	Partial	None
GML000427	GML000427_mRNA2	PF00025.28,PF00071.29,PF04670.19,PF08477.20,PF09439.17	Partial	Unchanged
GML000428	GML000428_mRNA1	PF00069.32,PF00069.32,PF03109.23,PF07714.24	Partial	None
GML000428	GML000428_mRNA2	PF00069.32,PF00069.32,PF03109.23,PF07714.24	Partial	Unchanged
GML000429	GML000429_mRNA1	PF00004.36,PF07724.21,PF07728.21,PF16450.12,PF17862.8	Complete	None
GML000429	GML000429_mRNA2	PF00004.36,PF07724.21,PF07728.21,PF16450.12,PF17862.8	Complete	Unchanged
GML000430	GML000430_mRNA1		None	None
GML000430	GML000430_mRNA2		None	Unchanged
GML000431	GML000431_mRNA1	PF00298.25,PF03946.20	Partial	None
GML000432	GML000432_mRNA1		None	None
GML000433	GML000433_mRNA1	PF07937.17	Partial	None
GML000434	GML000434_mRNA1	PF09591.16	Partial	None
GML000435	GML000435_mRNA1	PF07753.17,PF12376.14	Partial	None
GML000435	GML000435_mRNA2	PF07753.17,PF12376.14	Partial	Unchanged
GML000436	GML000436_mRNA1	PF09591.16	Partial	None
GML000437	GML000437_mRNA1		None	None
GML000438	GML000438_mRNA1		None	None
GML000438	GML000438_mRNA2		None	Unchanged
GML000438	GML000438_mRNA3		None	Unchanged
GML000439	GML000439_mRNA1	PF12799.14,PF13855.13,PF13855.13	Complete	None
GML000440	GML000440_mRNA1		None	None
GML000441	GML000441_mRNA1	PF22606.3	Complete	None
GML000442	GML000442_mRNA1	PF00620.33	Partial	None
GML000443	GML000443_mRNA1		None	None
GML000444	GML000444_mRNA1	PF00227.32	Partial	None
GML000445	GML000445_mRNA1	PF07540.17	Partial	None
GML000446	GML000446_mRNA1	PF08772.17,PF17146.11	Complete	None
GML000447	GML000447_mRNA1	PF08159.18,PF25121.1,PF25121.1	Complete	None
GML000448	GML000448_mRNA1	PF00136.27,PF03104.26,PF03175.19,PF14260.12	Complete	None
GML000449	GML000449_mRNA1	PF00560.40,PF12799.14,PF12799.14,PF13516.13,PF13516.13,PF13855.13	Complete	None
GML000450	GML000450_mRNA1	PF00118.30	Partial	None
GML000451	GML000451_mRNA1	PF03715.19	Partial	None
GML000452	GML000452_mRNA1	PF03388.22	Partial	None
GML000453	GML000453_mRNA1		None	None
GML000454	GML000454_mRNA1		None	None
GML000455	GML000455_mRNA1		None	None
GML000456	GML000456_mRNA1	PF10058.15	Partial	None
GML000457	GML000457_mRNA1		None	None
GML000458	GML000458_mRNA1	PF03159.25,PF17846.7,PF17846.7	Partial	None
GML000459	GML000459_mRNA1	PF04042.22,PF18018.8	Partial	None
GML000460	GML000460_mRNA1	PF00009.34	Partial	None
GML000461	GML000461_mRNA1		None	None
GML000462	GML000462_mRNA1		None	None
GML000463	GML000463_mRNA1	PF01916.24	Partial	None
GML000464	GML000464_mRNA1	PF01728.26	Partial	None
GML000465	GML000465_mRNA1	PF04098.22	Partial	None
GML000465	GML000465_mRNA2	PF04098.22	Partial	Unchanged
GML000466	GML000466_mRNA1		None	None
GML000467	GML000467_mRNA1	PF00297.29	Partial	None
GML000467	GML000467_mRNA2	PF00297.29	Partial	Unchanged
GML000468	GML000468_mRNA1	PF00642.31,PF16543.11	Complete	None
GML000469	GML000469_mRNA1	PF17021.11	Partial	None
GML000470	GML000470_mRNA1	PF00134.29	Partial	None
GML000471	GML000471_mRNA1	PF00676.26	Partial	None
GML000472	GML000472_mRNA1		None	None
GML000473	GML000473_mRNA1	PF07937.17	Complete	None
GML000474	GML000474_mRNA1	PF13181.13,PF13181.13,PF13414.13,PF13431.13	Complete	None
GML000475	GML000475_mRNA1	PF00270.36,PF00271.38,PF04851.22	Complete	None
GML000476	GML000476_mRNA1	PF13499.13	Partial	None
GML000477	GML000477_mRNA1		None	None
GML000478	GML000478_mRNA1	PF00189.26	Partial	None
GML000478	GML000478_mRNA2	PF00189.26	Partial	Unchanged
GML000479	GML000479_mRNA1		None	None
GML000479	GML000479_mRNA2		None	Unchanged
GML000480	GML000480_mRNA1	PF00182.25	Complete	None
GML000481	GML000481_mRNA1		None	None
GML000482	GML000482_mRNA1	PF00410.25	Partial	None
GML000483	GML000483_mRNA1	PF00560.40,PF00560.40,PF00560.40,PF12799.14,PF13855.13,PF25019.1	Complete	None
GML000483	GML000483_mRNA2	PF00560.40,PF00560.40,PF00560.40,PF12799.14,PF12799.14,PF13855.13,PF25019.1	Complete	Truncated
GML000484	GML000484_mRNA1	PF00122.26,PF00702.33,PF13246.13,PF16209.11,PF16212.12	Complete	None
GML000485	GML000485_mRNA1		None	None
GML000486	GML000486_mRNA1	PF04034.19,PF04068.21	Partial	None
GML000487	GML000487_mRNA1	PF07937.17	Complete	None
GML000488	GML000488_mRNA1	PF01926.30,PF08153.18	Complete	None
GML000488	GML000488_mRNA2	PF01926.30,PF08153.18	Complete	Unchanged
GML000489	GML000489_mRNA1	PF00152.26	Partial	None
GML000490	GML000490_mRNA1	PF05179.21	Partial	None
GML000491	GML000491_mRNA1		None	None
GML000492	GML000492_mRNA1	PF01496.25,PF01496.25	Partial	None
GML000493	GML000493_mRNA1	PF01443.25,PF01930.24,PF08696.18,PF13086.13,PF13086.13,PF13087.13,PF13087.13,PF13245.13,PF13538.13	Complete	None
GML000494	GML000494_mRNA1	PF00004.36,PF07728.21,PF16450.12,PF17862.8	Complete	None
GML000494	GML000494_mRNA2	PF00004.36,PF07728.21,PF16450.12,PF17862.8	Complete	Truncated
GML000495	GML000495_mRNA1		None	None
GML000496	GML000496_mRNA1	PF00176.30,PF00270.36,PF00271.38,PF04851.22,PF13892.12	Complete	None
GML000497	GML000497_mRNA1	PF03134.25	Partial	None
GML000498	GML000498_mRNA1		None	None
GML000499	GML000499_mRNA1		None	None
GML000500	GML000500_mRNA1	PF09591.16	Partial	None
GML000501	GML000501_mRNA1	PF09591.16	Partial	None
GML000502	GML000502_mRNA1	PF09174.16	Partial	None
GML000503	GML000503_mRNA1	PF00025.28,PF00071.29,PF04670.19,PF08477.20,PF09439.17	Partial	None
GML000503	GML000503_mRNA2	PF00025.28,PF00071.29,PF04670.19,PF08477.20,PF09439.17	Partial	Unchanged
GML000504	GML000504_mRNA1	PF00069.32,PF00069.32,PF03109.23,PF07714.24	Partial	None
GML000504	GML000504_mRNA2	PF00069.32,PF00069.32,PF03109.23,PF07714.24	Partial	Unchanged
GML000505	GML000505_mRNA1	PF00004.36,PF07724.21,PF07728.21,PF16450.12,PF17862.8	Complete	None
GML000505	GML000505_mRNA2	PF00004.36,PF07724.21,PF07728.21,PF16450.12,PF17862.8	Complete	Unchanged
GML000506	GML000506_mRNA1	PF30296.1	Complete	None
GML000507	GML000507_mRNA1	PF01399.34,PF10602.16	Complete	None
GML000508	GML000508_mRNA1	PF00808.30	Partial	None
GML000509	GML000509_mRNA1	PF00225.30,PF16796.12	Partial	None
GML000510	GML000510_mRNA1	PF00719.25	Partial	None
GML000511	GML000511_mRNA1	PF00241.26	Partial	None
GML000512	GML000512_mRNA1	PF00164.32	Partial	None
GML000513	GML000513_mRNA1	PF13519.13	Partial	None
GML000514	GML000514_mRNA1	PF03219.21	Partial	None
GML000515	GML000515_mRNA1		None	None
GML000516	GML000516_mRNA1	PF07937.17	Complete	None
GML000517	GML000517_mRNA1	PF07937.17	Partial	None
GML000518	GML000518_mRNA1	PF03219.21	Partial	None
GML000519	GML000519_mRNA1	PF03167.26	Partial	None
GML000520	GML000520_mRNA1	PF03219.21	Partial	None
GML000521	GML000521_mRNA1	PF00227.32	Partial	None
GML000522	GML000522_mRNA1	PF00106.32	Partial	None
GML000523	GML000523_mRNA1	PF01336.32,PF04057.19,PF08646.17,PF16900.12	Complete	None
GML000524	GML000524_mRNA1	PF07728.21,PF08393.19,PF12774.14,PF12774.14,PF12777.12	Complete	None
GML000525	GML000525_mRNA1	PF01853.26,PF11717.15,PF17772.8	Complete	None
GML000526	GML000526_mRNA1	PF03657.21,PF17833.8	Partial	None
GML000527	GML000527_mRNA1	PF00270.36,PF00271.38,PF04408.30,PF07652.21,PF13245.13	Complete	None
GML000527	GML000527_mRNA2	PF00270.36,PF00271.38,PF04408.30,PF07652.21,PF13245.13	Complete	Unchanged
GML000528	GML000528_mRNA1	PF00270.36,PF00271.38,PF04851.22,PF13959.12	Complete	None
GML000529	GML000529_mRNA1	PF00557.30	Partial	None
GML000530	GML000530_mRNA1	PF00439.31,PF12157.14	Complete	None
GML000530	GML000530_mRNA2	PF00439.31,PF12157.14	Complete	Unchanged
GML000531	GML000531_mRNA1		None	None
GML000531	GML000531_mRNA2		None	Unchanged
GML000532	GML000532_mRNA1	PF03801.20	Partial	None
GML000532	GML000532_mRNA2	PF03801.20	Partial	Unchanged
GML000533	GML000533_mRNA1	PF01778.23,PF04874.20	Partial	None
GML000534	GML000534_mRNA1		None	None
GML000535	GML000535_mRNA1	PF01266.31,PF16901.11	Complete	None
GML000536	GML000536_mRNA1	PF00566.26	Partial	None
GML000537	GML000537_mRNA1	PF00808.30,PF03847.21	Complete	None
GML000538	GML000538_mRNA1	PF00225.30,PF16796.12	Partial	None
GML000539	GML000539_mRNA1	PF00006.32,PF02874.30,PF22919.2	Complete	None
GML000539	GML000539_mRNA2	PF00006.32,PF02874.30,PF22919.2	Complete	Unchanged
GML000540	GML000540_mRNA1		None	None
GML000541	GML000541_mRNA1	PF00076.29,PF00076.29,PF00076.29,PF00076.29	Complete	None
GML000542	GML000542_mRNA1	PF02969.24,PF07571.20	Partial	None
GML000543	GML000543_mRNA1	PF04084.21	Partial	None
GML000544	GML000544_mRNA1	PF01369.26	Partial	None
GML000545	GML000545_mRNA1	PF05181.19	Partial	None
GML000546	GML000546_mRNA1	PF03152.22,PF24842.2	Partial	None
GML000547	GML000547_mRNA1		None	None
GML000547	GML000547_mRNA2		None	Unchanged
GML000548	GML000548_mRNA1	PF00005.34,PF00664.29	Complete	None
GML000549	GML000549_mRNA1	PF03031.25	Partial	None
GML000550	GML000550_mRNA1	PF00149.34	Partial	None
GML000551	GML000551_mRNA1	PF00179.32	Partial	None
GML000551	GML000551_mRNA2	PF00179.32	Partial	Unchanged
GML000552	GML000552_mRNA1	PF00176.30,PF00270.36,PF00271.38,PF04851.22,PF09111.17,PF11496.15	Complete	None
GML000553	GML000553_mRNA1	PF00632.31	Complete	None
GML000554	GML000554_mRNA1		None	None
GML000555	GML000555_mRNA1		None	None
GML000556	GML000556_mRNA1	PF07690.22	Partial	None
GML000556	GML000556_mRNA2	PF07690.22	Partial	Unchanged
GML000557	GML000557_mRNA1	PF00749.28,PF03950.24,PF20974.3	Complete	None
GML000558	GML000558_mRNA1	PF00046.36,PF05920.18	Complete	None
GML000559	GML000559_mRNA1	PF00046.36,PF05920.18	Complete	None
GML000560	GML000560_mRNA1		None	None
GML000561	GML000561_mRNA1	PF03962.22,PF18517.7	Complete	None
GML000562	GML000562_mRNA1		None	None
GML000562	GML000562_mRNA2		None	Unchanged
GML000563	GML000563_mRNA1		None	None
GML000564	GML000564_mRNA1	PF00113.29,PF03952.22	Partial	None
GML000565	GML000565_mRNA1	PF00350.30,PF01031.26,PF02212.24	Complete	None
GML000565	GML000565_mRNA2	PF00350.30,PF01031.26,PF02212.24	Complete	Unchanged
GML000566	GML000566_mRNA1	PF05652.18,PF11969.14	Partial	None
GML000567	GML000567_mRNA1	PF00307.37,PF00616.25,PF03836.22	Complete	None
GML000568	GML000568_mRNA1	PF04130.19,PF17681.7	Partial	None
GML000569	GML000569_mRNA1	PF00160.27	Partial	None
GML000570	GML000570_mRNA1	PF00883.27,PF02789.24	Partial	None
GML000570	GML000570_mRNA2	PF00883.27,PF02789.24	Partial	Unchanged
GML000571	GML000571_mRNA1		None	None
GML000572	GML000572_mRNA1	PF00587.31,PF03129.26	Complete	None
GML000573	GML000573_mRNA1	PF07753.17,PF12376.14	Partial	None
GML000573	GML000573_mRNA2	PF07753.17,PF12376.14	Partial	Unchanged
GML000574	GML000574_mRNA1	PF07937.17	Complete	None
GML000575	GML000575_mRNA1	PF09591.16	Partial	None
GML000575	GML000575_mRNA2	PF09591.16	Partial	Unchanged
GML000576	GML000576_mRNA1	PF07753.17,PF12376.14	Partial	None
GML000577	GML000577_mRNA1	PF09591.16	Partial	None
GML000578	GML000578_mRNA1		None	None
GML000579	GML000579_mRNA1	PF00560.40,PF00560.40,PF13855.13,PF13855.13,PF23598.2	Complete	None
GML000580	GML000580_mRNA1	PF00069.32,PF01163.29,PF07714.24	Partial	None
GML000581	GML000581_mRNA1	PF12251.14	Partial	None
GML000582	GML000582_mRNA1	PF03810.26,PF08389.19,PF08767.18,PF18777.8,PF18784.7,PF18787.8	Complete	None
GML000583	GML000583_mRNA1	PF07937.17	Complete	None
GML000584	GML000584_mRNA1	PF12253.14	Complete	None
GML000585	GML000585_mRNA1	PF07937.17	Complete	None
GML000586	GML000586_mRNA1		None	None
GML000587	GML000587_mRNA1		None	None
GML000588	GML000588_mRNA1		None	None
GML000589	GML000589_mRNA1	PF06046.20	Partial	None
GML000590	GML000590_mRNA1		None	None
GML000591	GML000591_mRNA1	PF00454.34,PF00613.27	Complete	None
GML000592	GML000592_mRNA1	PF00225.30,PF07647.25,PF16796.12	Partial	None
GML000593	GML000593_mRNA1	PF00117.35,PF06418.21,PF07722.20	Partial	None
GML000594	GML000594_mRNA1	PF00579.32	Partial	None
GML000595	GML000595_mRNA1	PF00012.27,PF06723.20	Partial	None
GML000596	GML000596_mRNA1		None	None
GML000597	GML000597_mRNA1	PF00483.30,PF12804.14,PF24894.2,PF25084.2,PF25087.2	Complete	None
GML000598	GML000598_mRNA1	PF00338.28	Partial	None
GML000599	GML000599_mRNA1	PF00808.30	Partial	None
GML000599	GML000599_mRNA2	PF00808.30	Partial	Unchanged
GML000600	GML000600_mRNA1	PF00560.40,PF00560.40,PF03372.30,PF12799.14,PF13855.13,PF23598.2	Complete	None
GML000601	GML000601_mRNA1	PF00626.28,PF04810.21,PF04811.22,PF04815.21,PF08033.18	Complete	None
GML000602	GML000602_mRNA1	PF00493.30,PF01078.28,PF07728.21,PF17207.10,PF17855.8,PF25051.2	Complete	None
GML000603	GML000603_mRNA1	PF01201.28	Partial	None
GML000604	GML000604_mRNA1	PF00154.28,PF06745.20,PF08423.18	Partial	None
GML000605	GML000605_mRNA1	PF03540.20	Partial	None
GML000606	GML000606_mRNA1	PF00004.36,PF04851.22	Partial	None
GML000607	GML000607_mRNA1	PF00270.36,PF00271.38,PF04408.30,PF07717.23,PF21010.3	Complete	None
GML000607	GML000607_mRNA2	PF00270.36,PF00271.38,PF04408.30,PF07717.23,PF21010.3	Complete	Unchanged
GML000608	GML000608_mRNA1	PF01467.33,PF01467.33	Partial	None
GML000609	GML000609_mRNA1	PF00117.35,PF06418.21,PF07722.20	Partial	None
GML000610	GML000610_mRNA1	PF04615.19	Partial	None
GML000611	GML000611_mRNA1		None	None
GML000612	GML000612_mRNA1	PF00069.32,PF07714.24	Partial	None
GML000613	GML000613_mRNA1	PF06741.19	Complete	None
GML000614	GML000614_mRNA1	PF00004.36,PF09336.17,PF17862.8	Complete	None
GML000615	GML000615_mRNA1		None	None
GML000616	GML000616_mRNA1	PF00106.32,PF01370.28,PF13561.13	Partial	None
GML000617	GML000617_mRNA1	PF00133.29,PF08264.20,PF09334.18	Complete	None
GML000617	GML000617_mRNA2	PF00133.29,PF08264.20,PF09334.18	Complete	Unchanged
GML000618	GML000618_mRNA1	PF01656.30,PF10609.16	Partial	None
GML000619	GML000619_mRNA1	PF00005.34,PF00664.29	Complete	None
GML000620	GML000620_mRNA1	PF29448.1	Partial	None
GML000621	GML000621_mRNA1	PF08676.17	Complete	None
GML000622	GML000622_mRNA1	PF00250.25	Partial	None
GML000623	GML000623_mRNA1	PF01652.25	Partial	None
GML000623	GML000623_mRNA2	PF01652.25	Partial	Unchanged
GML000624	GML000624_mRNA1	PF01096.24,PF02150.22	Complete	None
GML000625	GML000625_mRNA1	PF00004.36,PF00004.36,PF00158.33,PF02861.26,PF07724.21,PF07728.21,PF10431.16,PF17871.8	Complete	None
GML000626	GML000626_mRNA1	PF29840.1,PF29841.1,PF29842.1,PF29844.1	Complete	None
GML000626	GML000626_mRNA2	PF29840.1,PF29841.1,PF29842.1,PF29844.1	Complete	Unchanged
GML000627	GML000627_mRNA1	PF00400.39,PF00400.39,PF00400.39	Complete	None
GML000628	GML000628_mRNA1	PF00009.34,PF00679.31,PF03144.32,PF03764.25,PF14492.13,PF22042.3	Complete	None
GML000629	GML000629_mRNA1		None	None
GML000630	GML000630_mRNA1	PF00349.28	Partial	None
GML000631	GML000631_mRNA1	PF01416.26	Complete	None
GML000632	GML000632_mRNA1		None	None
GML000633	GML000633_mRNA1	PF00566.26,PF23436.2	Partial	None
GML000634	GML000634_mRNA1		None	None
GML000635	GML000635_mRNA1	PF00806.26,PF00806.26,PF00806.26,PF00806.26,PF00806.26,PF00806.26,PF00806.26,PF00806.26	Complete	None
GML000636	GML000636_mRNA1	PF00514.30,PF01749.27	Complete	None
GML000637	GML000637_mRNA1	PF00266.26,PF01212.28	Partial	None
GML000638	GML000638_mRNA1	PF01704.25,PF12804.14	Partial	None
GML000638	GML000638_mRNA2	PF01704.25,PF12804.14	Partial	Unchanged
GML000639	GML000639_mRNA1	PF09402.17	Partial	None
GML000640	GML000640_mRNA1	PF00012.27,PF06723.20	Partial	None
GML000641	GML000641_mRNA1		None	None
GML000642	GML000642_mRNA1	PF12832.14	Partial	None
GML000643	GML000643_mRNA1	PF21041.4	Partial	None
GML000644	GML000644_mRNA1	PF00735.25	Partial	None
GML000645	GML000645_mRNA1		None	None
GML000646	GML000646_mRNA1		None	None
GML000646	GML000646_mRNA2		None	Unchanged
GML000647	GML000647_mRNA1	PF00225.30,PF16796.12	Partial	None
GML000648	GML000648_mRNA1	PF02200.23	Partial	None
GML000649	GML000649_mRNA1		None	None
GML000650	GML000650_mRNA1		None	None
GML000651	GML000651_mRNA1	PF09174.16	Partial	None
GML000652	GML000652_mRNA1	PF09591.16	Partial	None
